topic,en,en_synonym
topic-12722,recommender system,recommendation engine
topic-2484,stocks,shares
topic-4285,equity market,stock market
topic-3721,liability law,responsibility law
topic-1274,accountancy,financial auditing
topic-5882,auditors,financial examiners
topic-1276,accounting,financial accounting
topic-1953,acculturation,cultural adaptation
topic-1919,actual pastoral liturgical practice,current liturgical practice
topic-1980,adhd,attention deficit disorder
topic-4079,administrative law,regulatory law
topic-2276,adorno,critical theorist
topic-2250,africa,Sub-Saharan region
topic-1280,agricultural economy,agricultural economics
topic-7782,aggression,hostility
topic-5124,alcohol addiction,alcohol dependence
topic-2500,general econometrics,economic statistics
topic-2501,alliances and joint ventures,strategic partnerships
topic-1285,foreigners,strangers
topic-10501,americanization,Americanisation
topic-9362,anxiety,worry
topic-16802,"Antarctic, Arctic, Polar Regions",polar areas
topic-1290,"anthropology and philosophy of religion, relation",relationship between anthropology and religious philosophy
topic-1291,arabic,Arabian
topic-1292,labour and health,occupational health
topic-1293,industrial and organisational psychology,work psychology
topic-6581,working hours,working time
topic-1296,labour economics,employment economics
topic-2201,labour market,employment market
topic-6603,labour market policy,employment policy
topic-1298,labour market issues,employment issues
topic-1299,job motivation,work motivation
topic-6661,working conditions,employment conditions
topic-1300,work participation,employment participation
topic-1301,labour law,employment law
topic-1303,reduction of working hours,workweek reduction
topic-1302,industrial/labour relations,employment relations
topic-1305,working conditions creation,quality of worklife
topic-1306,labour issues,employment issues
topic-4081,arbitration,dispute arbitration
topic-3937,reasoning,logical argumentation
topic-5627,aristoteles,Aristotle
topic-2517,poverty,destitution
topic-2519,asylum seekers,refugees
topic-1309,asset liability management,balance sheet management
topic-21,attitudes,mindset
topic-6701,auditory perception,hearing perception
topic-3542,augustine,St. Augustine
topic-1313,automatic language analysis,computational linguistics
topic-3966,automation,mechanization
topic-1905,autonomy and moral,self-governance and ethics
topic-2527,bank - firm relationships,financial partnerships
topic-5721,banking law,financial law
topic-1316,banking systems,financial systems
topic-1318,primary education,elementary education
topic-5221,bayesian statistics,Bayesian inference
topic-4283,corporate policy and strategy,business strategy
topic-1998,business communication and ethics,corporate communication ethics
topic-5551,business modelling,business analytics
topic-1320,business economics,managerial economics
topic-1321,business ethics,corporate ethics
topic-2532,business studies,business administration
topic-15222,Firm relocation,business relocation
topic-7801,companies,businesses
topic-8685,bounded rationality,limited rationality
topic-5681,information systems management,IT management
topic-2536,taxes,levies
topic-1327,tax law,fiscal law
topic-1328,investment,investing
topic-11441,investor behaviour,Investor psychology
topic-6461,mutual fund,investment fund
topic-1331,policy evaluation,policy analysis
topic-4681,mediation,conflict resolution
topic-9022,assertive outreach,proactive engagement
topic-2541,berber language,Tamazight
topic-1997,occupational ethics,professional ethics
topic-15902,Occupational ethics for ministers,ministerial ethics
topic-4353,occupational diseases,work-related illnesses
topic-16804,protected species,endangered species
topic-2542,decision theory,decision analysis
topic-2643,decision support systems,decision aid systems
topic-6807,decision making,decision process
topic-1337,information management and technology,information systems management
topic-1338,administrative reform,bureaucratic reform
topic-1340,management of non-profit organisations,non-profit management
topic-1341,public administration,administrative organisation
topic-3792,administrative procedural law,administrative litigation
topic-8942,consciousness,awareness
topic-2278,bible (studies),biblical studies
topic-2332,bible as literature,scriptural literature
topic-16882,Bible and culture,scriptural influence on culture
topic-2330,bible translations,scripture translations
topic-1344,bible studies; exegesis,Bible interpretation
topic-1346,bible studies; new testament,New Testament studies
topic-1348,biodiversity,natural diversity
topic-12123,"Blanchot, Maurice (1907-2003)",literary philosopher
topic-1351,urban planning and building law,city planning regulations
topic-1352,brabant,Brabant region
topic-1402,Letter of James,Epistle of James
topic-1356,law of civil procedure,civil litigation law
topic-1357,civil law,non-criminal law
topic-17103,Citizens Participation,public involvement
topic-13521,citizenship,nationality
topic-9901,burnout,exhaustion
topic-15463,Business Process Management,process optimization
topic-9783,business transactions,commercial dealings
topic-2564,collective labour agreements,union contracts
topic-2570,central banks,monetary authority
topic-6302,China,People's Republic of China
topic-12461,surgery,surgical procedure
topic-11383,Christian creed,Christian statement of belief
topic-4242,christian philosophy,Christian worldview
topic-2304,christian liturgy,Christian worship
topic-16544,Christianity and Culture,Christian cultural studies
topic-181,chronic heart failure,persistent heart failure
topic-17142,chronic diseases,long-term illnesses
topic-2577,civil society,civic community
topic-2582,cognition,mental processes
topic-4240,cognitive linguistics,language cognition
topic-1936,cognitive neuropsychology,neurocognitive psychology
topic-6681,cognitive processes,mental processes
topic-2584,cognitive science,cognitive studies
topic-8941,coma,unconscious state
topic-13041,work-family confict,work-life conflict
topic-2585,combinatorics,combinatorial mathematics
topic-1361,communication,information exchange
topic-1364,communication skills,interpersonal skills
topic-10421,communitarianism,Community-based philosophy
topic-16003,Competence development,Capability development
topic-2591,competition,rivalry
topic-11944,computational semantics,machine semantics
topic-1368,computer crime,cybercrime
topic-5801,computer linguistics,computational linguistics
topic-2596,computer models,computational models
topic-2598,computer simulation,computational modeling
topic-1372,computer systems,computing systems
topic-2110,conflicts,disputes
topic-1376,constitutional law,fundamental law
topic-1377,constitutional law history,history of constitutional law
topic-3790,constitutional issues,constitutional challenges
topic-1378,consumer behaviour,buying behavior
topic-2617,cooperative information systems,collaborative information systems
topic-2626,cooperative game theory,collaborative game theory
topic-9921,coping,stress management
topic-1383,corporate governance,corporate management
topic-1384,criminology,criminal science
topic-1934,cross-cultural research,intercultural research
topic-1386,cross-cultural psychology,intercultural psychology
topic-8882,cultural heritage,cultural legacy
topic-15542,Economics of art and culture,cultural economics
topic-2631,cultural diversity,cultural variety
topic-3466,culture,cultural practices
topic-1390,culture and internationalisation,global culture
topic-1389,culture in brabant,Brabant heritage
topic-1950,cultural and country differences,cross-cultural differences
topic-8881,cultural and social history,social and cultural history
topic-1561,Art education,arts instruction
topic-1388,philosophy of culture,cultural philosophy
topic-1392,cultural psychology,cross-cultural psychology
topic-1393,cultural sociology,sociology of culture
topic-1928,cultureral differences,cultural diversity
topic-2636,data mining,data analysis
topic-2637,data warehouse,data repository
topic-1395,databases,data repositories
topic-1397,decentralization,devolution
topic-5637,deconstruction,critical analysis
topic-2327,dementia,cognitive decline
topic-1398,democracy,popular government
topic-1399,demography,population studies
topic-7761,depression,melancholy
topic-1949,depression during pregnancy,prenatal depression
topic-1400,third world,developing countries
topic-2645,derivatives,financial instruments
topic-4327,Derrida,Jacques Derrida
topic-17143,Diabetic disease,blood sugar disorder
topic-1403,dialect and society,Regional language and society
topic-16823,Didache and James's letter,early Christian texts
topic-4742,Didache and Matthew's gospel,Didache and the Gospel of Matthew
topic-4741,didache and early judaism,early Christian teachings and Judaism
topic-16822,"Didache, Matthew's gospel and James's letter",early Christian texts
topic-2652,services marketing,service promotion
topic-6202,service industry,service sector
topic-4309,digital library,electronic library
topic-1404,digital culture,cyber culture
topic-1405,discrete mathematics,combinatorial mathematics
topic-5461,diversity in organisations,organizational inclusivity
topic-7961,diversity management,inclusion management
topic-2662,dividend policy,profit distribution strategy
topic-1407,document retrieval,document search
topic-11385,dogma,doctrine
topic-1408,dogmatic theology,doctrinal theology
topic-2318,fallacies and unfair methods of discussion,logical fallacies
topic-5126,drugs addiction,substance dependence
topic-1409,german,Teutonic
topic-1411,sustainable tourism,eco-friendly tourism
topic-3382,sustainable development,green development
topic-2667,dynamic game theory,evolving game theory
topic-2669,e-business,online business
topic-2670,e-commerce,online retail
topic-1413,econometrics,economic modeling
topic-1414,economics,economic science
topic-12881,economics of regulation,regulatory economics
topic-5101,economics of innovation,innovation economics
topic-1282,general economics,economic theory
topic-3464,history of economic thought,economic history
topic-1416,economic geography,spatial economics
topic-2689,economic growth,economic development
topic-1418,psychology of economic behaviour,behavioral economics
topic-6221,economic situation,economic condition
topic-2056,EEG,brainwave recording
topic-4032,securities law,financial regulation
topic-2311,property rights,ownership rights
topic-7721,electroencephalogram,brain wave test
topic-1938,electrophysiology,bioelectricity
topic-2100,electromyography,muscle electrical recording
topic-15464,Electronic Business,e-commerce
topic-2701,electronic commerce,online shopping
topic-7722,EMG,electromyogram
topic-1929,emotions,feelings
topic-2067,emotions and health,emotional well-being
topic-2064,emotional exhaustion,burnout
topic-2705,empirical finance,Experimental finance
topic-1426,empirical macroeconomics,data-driven macroeconomics
topic-1042,Empirical legal studies,Empirical jurisprudence
topic-5321,jurisprudence,legal theory
topic-2712,energy economics,energy markets
topic-2711,energy sources,power sources
topic-1429,energy problems,energy challenges
topic-1430,english,the English language
topic-3666,epidemilogy,disease study
topic-10401,epilepsy,seizure disorder
topic-1431,law of succession,inheritance law
topic-2167,aesthetics,philosophy of beauty
topic-1432,ethics,moral philosophy
topic-7103,ethnic groups,cultural communities
topic-7102,ethnic minority groups,minority communities
topic-1435,ethnic minority groups and culture,minority cultures
topic-13901,Ethnographic research,ethnographics
topic-5968,European Public Procurement Law,EU procurement regulations
topic-1438,european tax law,EU tax regulations
topic-10221,European Administrative Law,EU administrative law
topic-1440,european environmental law,EU environmental regulations
topic-1061,European Private Law,EU private law
topic-1441,european law,EU legislation
topic-1443,european social security law,European welfare law
topic-5561,european convention on human rights,European Human Rights Charter
topic-6384,european monetary union,eurozone
topic-6764,european politics,EU politics
topic-8825,euthanasia,mercy killing
topic-2329,gospels,good news
topic-2727,evolution,development
topic-11181,evs,European Values Study
topic-1448,exegesis,interpretation
topic-1449,experimental economics,behavioral economics
topic-1450,expert systems,knowledge systems
topic-1452,external reporting,external disclosure
topic-2735,extreme value theory,extreme value analysis
topic-1453,family law,domestic relations law
topic-1456,feminism,women's liberation
topic-1892,feminist theology,gender theology
topic-7941,film en literature,cinematic literature
topic-1458,film studies,cinema studies
topic-1459,philosophy,wisdom
topic-2025,philosophic and christian philosophy of life,Christian worldview philosophy
topic-2113,philosophy of cognitive psychology,cognitive psychology theory
topic-1460,philosophy of economy,economic philosophy
topic-1462,philosophy of mind,mental philosophy
topic-2019,philosophy of ~the state,political theory
topic-5602,philosophical psychology,philosophy of psychology
topic-16502,Financial reporting,financial statements
topic-2744,financial intermediation,financial brokerage
topic-2747,financial management,fiscal management
topic-2753,financial analysis,financial evaluation
topic-2755,financial crisis,economic meltdown
topic-2756,financial econometrics,quantitative finance
topic-5548,"financial economics, models",financial modeling
topic-1467,financial markets,capital markets
topic-2565,capital structure,financial composition
topic-2762,financial mathematics,quantitative finance
topic-1469,finance,financial management
topic-1470,finance,funding
topic-1471,corporate finance; international finance,business finance; global finance
topic-2764,fiscal policy,budgetary policy
topic-1474,fiscal economics,public finance
topic-9661,flexicurity,flexible security
topic-1480,phonology,sound system study
topic-581,forensic psychology,criminal psychology
topic-2103,fundamental research,basic research
topic-3000,mergers and acquisitions,corporate consolidation
topic-1486,"mergers, acquisitions and protection",corporate consolidation
topic-7704,physiology,biological functions
topic-2143,birth,childbirth
topic-16943,commemoration,remembrance
topic-1488,behaviour,conduct
topic-2213,behaviour influence,behavior modification
topic-11301,behavioral economics,Behavioral finance
topic-7741,mental health,psychological well-being
topic-3705,infant mental health,baby mental health
topic-1489,mental health care,psychological care
topic-1897,spiritual counseling,spiritual guidance
topic-11663,spiritual counseling / pastoral work / soul care,spiritual guidance
topic-5687,data banks,data repositories
topic-1490,memory,recollection
topic-2099,facial expressions,facial cues
topic-8141,literacy,reading and writing skills
topic-7282,"gender studies, theology",feminist theology
topic-1495,history,historical study
topic-10325,history Persian period,Achaemenid history
topic-1862,history of reformation,Reformation history
topic-16542,History of Christianity,Christian history
topic-1569,history of church and theology,ecclesiastical history
topic-9981,dispute resolution,conflict resolution
topic-13722,Communication Skills,interpersonal skills
topic-1497,violence,aggression
topic-7222,families,households
topic-7221,sociology of the family,family sociology
topic-6741,health,well-being
topic-1500,health law,medical law
topic-2787,health care,medical services
topic-7001,health care economics,health economics
topic-7202,health care management,health services management
topic-7201,health care organisation,health services management
topic-1502,health care strategy and management,health care administration
topic-9024,health care policy,health policy
topic-2792,globalisation,international integration
topic-11664,images of god en men,theological representations
topic-2083,images of god,conceptions of God
topic-1504,religion,faith
topic-1506,psychology of religion and pastoral psychology,religious psychology
topic-1507,religion and pastoral sociology,religious sociology
topic-1505,religions; phenomenology,religious studies
topic-4251,philosophy of religion,religious philosophy
topic-1508,pedagogy of religion,religious education theory
topic-1894,"divinity, contemporary themes of",modern theological themes
topic-2046,gods call,divine vocation
topic-2794,gambling,betting
topic-1978,gambling addiction,compulsive gambling
topic-2091,gregorian,plainchant
topic-1510,greek,Koine Greek
topic-1511,growth theories,development theories
topic-2295,group dynamics,team dynamics
topic-2800,group support systems,collaborative systems
topic-2146,group processes,group dynamics
topic-3789,fundamental rights,basic rights
topic-2315,foundations of mathematics,mathematical foundations
topic-2079,fundamentals of psychology,basics of psychology
topic-2000,foundations of developments in european law,principles of European legal development
topic-2187,habermas,critical theorist
topic-3375,trade policy,commercial policy
topic-1514,commercial law,business law
topic-2160,heart and vascular diseases,cardiovascular diseases
topic-1516,hebrew,ancient Hebrew
topic-4237,hebrew bible,Tanakh
topic-12281,attachment,bonding
topic-1517,contemporary philosophy; history of,modern philosophy; historical development
topic-15002,hedge funds,investment funds
topic-2184,hegel,Hegelian philosophy
topic-2045,Heidegger,existential philosopher
topic-4252,hermeneutics,interpretive theory
topic-2326,cerebral/brain haemorrhage,brain bleed
topic-7703,brain,cerebrum
topic-2052,brain and behaviour,neurobehavioral science
topic-8944,brain damage,brain injury
topic-15523,recovery (in long term psychiatry),rehabilitation
topic-5044,scalp cooling,head cooling
topic-5630,horkheimer,Frankfurt School theorist
topic-7421,household economics,family economics
topic-1519,assistance,support services
topic-9122,human resource development,talent development
topic-2264,human resource management,personnel management
topic-1898,humanitarian intervention,humanitarian aid
topic-1520,law governing matrimonial property rights,marital property law
topic-8461,hybrid organization,mixed organization
topic-7321,hyperactivity,overactivity
topic-2814,ict,information and communication technology
topic-9641,ICT and labour,digital labor
topic-2815,ict in education,educational technology
topic-5805,ict management,IT administration
topic-4165,identity,self-concept
topic-10263,identity management,IdM
topic-3401,imf,international financial institution
topic-8002,inculturation,cultural adaptation
topic-2151,industrial networks,industrial connections
topic-1522,industrial organization,industrial economics
topic-5621,computer science and ethics,ethical computing
topic-1525,computer science law,IT law
topic-2340,information and communication technology in education,educational technology
topic-1526,information management,data management
topic-2827,information processes,information processing
topic-1527,information law,data law
topic-1528,information systems,data management systems
topic-16722,Information Systems Management,IT management
topic-1529,information technology,IT
topic-2054,data processing,information processing
topic-6183,information retrieval,information search
topic-3109,infrastructure,facilities
topic-16322,Indigenous peoples,native communities
topic-8922,income inequality,income disparity
topic-1532,income distribution,income allocation
topic-1533,income tax,earnings tax
topic-16602,Purchasing and supply management,procurement management
topic-2153,innovation,advancement
topic-1534,insolvency law,bankruptcy law
topic-6742,effort,exertion
topic-2845,institutional economics,institutional theory
topic-10967,institutional theory,Institutional framework
topic-1535,instructive texts (*),instructional materials
topic-1536,intellectual property law,IP law
topic-1537,intelligent interfaces,smart interfaces
topic-1952,intelligence differences between cultures,cross-cultural intelligence
topic-1222,Inter-organizational networks,collaborative networks
topic-8581,inter-organisational relationships,inter-firm relationships
topic-1538,interaction and communication skills,interpersonal skills
topic-10942,interactive governance,Participatory governance
topic-2109,intercultural negotiating,cross-cultural negotiation
topic-1540,intercultural communication,cross-cultural communication
topic-4941,intercultural assistance,cross-cultural support
topic-1895,intercultural theologie,cross-cultural theology
topic-15422,intergenerational risk sharing,cross-generational risk distribution
topic-1541,intergroup relationships,group interactions
topic-16462,internal control,internal oversight
topic-4348,international labour law,global employment law
topic-1542,international tax law,global tax law
topic-12781,international human resource management,global HR management
topic-1543,international management,global management
topic-1544,international competition law,global antitrust law
topic-1545,international environmental law,global environmental law
topic-6403,international monetary fund,global financial institution
topic-1547,international public law,global public law
topic-1548,international law,global law
topic-12021,International Criminal Court,ICCt
topic-1549,international criminal law,transnational criminal law
topic-13701,International Financial Reporting Standards (IFRS),global accounting standards
topic-6223,international economics,global economics
topic-1551,international finance,global finance
topic-2870,international trade,global commerce
topic-1552,internet,cyberspace
topic-5127,internet addiction,online dependency
topic-4882,interpolation,estimation
topic-1868,inter-religious communication,interfaith dialogue
topic-16883,Intertextuality,textual interaction
topic-4164,intuitionistic mathematics,constructivist mathematics
topic-2887,investment under uncertainty,uncertain investments
topic-3368,investment analysis,investment evaluation
topic-2891,islam,Islamic studies
topic-1865,islam in the netherlands,Muslim Communities in the Netherlands
topic-7542,ivf,test-tube fertilization
topic-5883,annual reporting,Yearly report
topic-13641,"Jacobi, F.H.",Friedrich Heinrich Jacobi
topic-17063,James,Jacob
topic-15562,The Book of Ben Sira,Ecclesiasticus
topic-1556,youth assistance,youth support
topic-2331,jesus,Christ
topic-2287,"judaism and christianity, relationship between",interfaith relations
topic-14882,Jews in modernity,modern Jewish history
topic-862,"Judaism, modern",contemporary Judaism
topic-1914,"judaism, early/ancient",ancient Jewish religion
topic-1884,johannes,John the Apostle
topic-3523,youth and pastoral care,youth ministry
topic-3983,legal skills,legal competencies
topic-10741,cancer,malignant neoplasm
topic-2174,catholic church in the 19th and 20th century,modern Catholic history
topic-1847,epistemology,theory of knowledge
topic-1566,knowledge representation,information modeling
topic-1567,knowledge technology,information technology
topic-11381,church,congregation
topic-3791,church state relations,church-state interaction
topic-11382,ministry,Clergy
topic-4236,church authority,ecclesiastical authority
topic-11384,ecclesial leadership,Ecclesiastical leadership
topic-2086,devotion/piety and non-practising,religious observance and secularism
topic-2092,church music,sacred music
topic-1915,"church fathers, ancient",early theologians
topic-16565,Integrated care,coordinated care
topic-1991,voting mechanisms,electoral methods
topic-4661,electoral systems,voting system
topic-1572,clinical neuropsychology,neuropsychological therapy
topic-1574,credit systems,credit infrastructure
topic-4886,Kriging,spatial interpolation
topic-4149,critical theory,radical critique
topic-4881,splines,curves
topic-6501,philosophy of art,aesthetics philosophy
topic-1575,artificial intelligence,machine intelligence
topic-12641,quality of work,work quality
topic-2061,quality of life,well-being
topic-121,Quality of life,life quality
topic-9461,quality of the judiciary,judicial performance
topic-11701,quality of care,health care quality
topic-1577,agriculture,farming
topic-1578,latin,classical language
topic-1579,lifestyle,way of life
topic-9121,learning styles,study methods
topic-7283,learning disorders,learning disabilities
topic-10601,reading research,Reading studies
topic-1581,reading disorders,reading difficulties
topic-1582,leadership,guidance
topic-8101,organisational learning,organizational knowledge acquisition
topic-2941,machine learning,automated learning
topic-3102,learning organisations,adaptive organizations
topic-8362,Latvia,Latvian Republic
topic-2162,quality of life after heart and vascular diseases,well-being after cardiovascular diseases
topic-5631,levinas,Levinasian philosophy
topic-5181,liberalisation,deregulation
topic-2015,liberalism and political philosophy,liberal political theory
topic-2280,literary-historical aspects,textual history
topic-1585,literature,written works
topic-1893,literature and theology,theological literature
topic-1586,study of literature,literary analysis
topic-2189,liturgy (contemporary),modern worship
topic-1587,liturgical studies,liturgical theology
topic-5361,liturgical latin,ecclesiastical Latin
topic-1920,liturgic celebrations,religious ceremonies
topic-2090,liturgic music,sacred music
topic-5632,locke,John Locke
topic-2314,logic,reasoning
topic-1588,logic and philosophy of language,analytical philosophy
topic-1589,logistics,supply chain management
topic-1590,logistics management,supply chain management
topic-17162,Local Democracy,community governance
topic-1591,tax on wages/income tax,income tax
topic-2169,lyotard,postmodern theorist
topic-1201,corporate social responsibility,corporate conscience
topic-5633,machiavelli,political strategist
topic-1593,power,authority
topic-2148,power in organisations,organizational influence
topic-1595,macroeconomics,national economics
topic-1596,management,administration
topic-1598,management and ethics,ethical management
topic-2968,management games,business simulations
topic-3168,small business management,small enterprise management
topic-1599,marketing,market strategy
topic-2979,marketing management,marketing strategy
topic-1603,market research,market analysis
topic-262,Marx,Marxism
topic-161,marxism,Marxist theory
topic-1605,substantive criminal law,criminal code
topic-1606,mathematical statistics,statistical mathematics
topic-17064,Matthew-James-Didache,"Matthew, James, and Didache"
topic-1916,mathew,Matthew's Gospel
topic-8683,competition policy,antitrust policy
topic-1607,competition law,antitrust law
topic-13401,codetermination,worker participation
topic-1286,Media,communication channels
topic-1608,media,communication channels
topic-2085,media ethics,journalistic ethics
topic-10841,mediation,dispute resolution
topic-1609,medical ethics,healthcare ethics
topic-9361,medical psychology,health psychology
topic-2994,multilingualism,polyglotism
topic-3901,man-machine interaction,human-computer interaction
topic-2002,human evolution,human development
topic-1610,human rights,Civil Liberties
topic-2102,mental effort,cognitive effort
topic-3521,metaphors,allegories
topic-1611,metaphysics,ontology
topic-2008,metaphysics of reason and action,philosophy of action
topic-4885,meta models,higher-order models
topic-1954,cross-cultural research methodology,intercultural research methods
topic-1658,methodology and statistics,research methods and statistics
topic-1613,methodology,research methods
topic-101,Methodology of civil law,Civil law methodology
topic-3008,micro-econometrics,individual econometrics
topic-1614,microeconomics,individual economics
topic-1615,medieval philosophy; history of,medieval thought
topic-3601,history of middle ages,medieval history
topic-13602,medieval theology,Middle Ages theology
topic-1617,small and medium-sized enterprises,small businesses
topic-1618,migrants,immigrants
topic-15302,Migration Law,immigration law
topic-3013,environmental economics,ecological economics
topic-1619,environmental policy,ecological policy
topic-1621,environmental impact study,environmental assessment
topic-1625,environmental management,ecological management
topic-1626,environmental law,ecological law
topic-1627,environmental criminal law,ecological criminal law
topic-11621,doctrines of war,Military doctrine
topic-1629,minorities,ethnic groups
topic-5821,modeling,simulation
topic-6441,models,frameworks
topic-1863,modern devotion,contemporary piety
topic-2041,modern philosophy; history of,contemporary philosophy history
topic-11961,modernisation,modernisation
topic-1632,mother tongue; education,native language education
topic-3388,monetary policy,financial policy
topic-1633,monetary economics,financial economics
topic-12941,moral responsibility,ethical accountability
topic-10441,morphology,linguistic morphology
topic-7882,muslims - christians dialogue,interfaith dialogue
topic-3794,motivation,drive
topic-9201,multi level analysis,hierarchical analysis
topic-3039,multiculturalism,cultural diversity
topic-1951,multicultural society,diverse society
topic-1956,multicultural city,diverse city
topic-1635,multimedia,mixed media
topic-12122,"Nancy, Jean-Luc (1940-)",contemporary philosopher
topic-10901,nanotechnology,Nanoengineering
topic-1887,narcissism and shame,egoism and guilt
topic-2142,natality/birth rate,birth rate
topic-4167,nationalism,nationalist ideology
topic-421,Nature Protection Law,environmental protection law
topic-8121,physics,physical science
topic-1638,dutch,Dutch language
topic-1639,dutch as a second language,Dutch language acquisition
topic-5061,privilege against self-incrimination,right to remain silent
topic-1221,Networks,interconnected systems
topic-1641,networks,interconnected systems
topic-8684,network industries,interconnected industries
topic-3061,neural networks,artificial neural networks
topic-8943,neurophysiology,neural physiology
topic-1979,neuropsychology,brain-behavior science
topic-2130,nietzsche,Nietzschean philosophy
topic-7401,new testament,Christian Scriptures
topic-7501,nonresponse,no response
topic-2680,non profit sector,charitable sector
topic-16682,Nonverbal communication,body language
topic-3065,nonprofit organisations,charitable organizations
topic-5766,numerical analysis,computational mathematics
topic-1923,"ecumenism, ecumenical theology",Christian unity
topic-1645,moot court,mock trial
topic-1647,sales tax,value-added tax
topic-11343,negotiating,negotiation
topic-5421,entrepreneurship,business creation
topic-1651,enterprises,businesses
topic-1652,corporate finance,business finance
topic-5550,corporate models,business frameworks
topic-13402,works council,employee council
topic-1653,company law,corporate law
topic-1654,company strategy,business strategy
topic-1655,company assessment (*),business valuation
topic-7561,education,schooling
topic-1656,educational and training psychology,instructional psychology
topic-1657,educational law,school law
topic-13281,sociology of education,educational sociology
topic-7562,research,investigation
topic-9202,research design,study plan
topic-9421,online dispute resolution,e-mediation
topic-2285,online shopping,internet shopping
topic-6281,ontology,metaphysical study
topic-2616,cooperative information system development,Collaborative Information Systems Development
topic-3088,development economics,economic development
topic-1659,developing countries,emerging economies
topic-1660,developing countries; economy,emerging economies
topic-13241,eye tracking,gaze tracking
topic-3385,Eastern Europe,East Europe
topic-1665,public administration,public management
topic-1666,public finance,government finance
topic-1667,public finance of local authorities,municipal finance
topic-2236,revelation,divine disclosure
topic-3095,operations research,operational analysis
topic-5941,options,financial derivatives
topic-1669,option pricing,option valuation
topic-3099,optimisation,improvement
topic-12402,parenting,child rearing
topic-1670,organisation,institution
topic-1671,organisation and management,business administration
topic-16564,organizational commitment,workplace loyalty
topic-1960,organisational culture,corporate culture
topic-3105,organizational design,organizational structure
topic-1672,organisational development,organizational growth
topic-1673,organisational psychology,industrial psychology
topic-7581,organisations,institutions
topic-1674,organisational sociology,sociology of organizations
topic-3104,organisation theory,organizational theory
topic-2266,organisational change,organizational transformation
topic-6762,organisation studies,organizational studies
topic-1676,old testament,Hebrew Bible
topic-2275,aging,growing old
topic-9341,older workers,senior employees
topic-7061,elderly people,senior citizens
topic-1678,government policy,public policy
topic-6261,public economics,government economics
topic-1679,government finance,public finance
topic-1681,mergers,consolidations
topic-12321,minor mental disorders,emotional exhaustion
topic-1682,paneldata and latent variables,longitudinal data and hidden variables
topic-1683,pastoral psychology,Pastoral Counseling Psychology
topic-1684,pastoral sociology,sociology of pastoral care
topic-1685,pastoral theology,spiritual care theology
topic-1891,priesthood/pastoral care,clerical ministry
topic-363,pastoral counseling,spiritual counseling
topic-2180,pastoral assistance,spiritual support
topic-16922,Ecclesiastical Latin New Testament Greek,Patristic studies
topic-15702,pensions,retirement benefits
topic-15442,"pensions, pension deal, pensioenfondsen",retirement benefits
topic-6061,perception,awareness
topic-41,Personalization,customization
topic-1690,psychology of human resources,occupational psychology
topic-8701,human resource development,employee development
topic-1691,human resources sciences,personnel sciences
topic-1692,persons and family law,family law
topic-364,personal growth,self-improvement
topic-2226,personality,character
topic-2124,personality and health,health psychology
topic-10922,persuasive communication,persuasion
topic-1908,pluralism,diversity
topic-4234,pastoral care,spiritual care
topic-10961,consensus democracy,Consensus-based democracy
topic-1694,political science,government studies
topic-1695,politics,governance
topic-1696,political and administrative crisis,governance crisis
topic-1697,political philosophy / political ethics,political theory
topic-1698,political parties,Political Groups
topic-3370,portfolio theory,investment theory
topic-2168,postmodernism,post-structuralism
topic-1701,practical theology,applied theology
topic-15522,performance indicators,performance metrics
topic-1702,private law,civil law
topic-1704,privacy,confidentiality
topic-3126,privatization,deregulation
topic-1705,procedural law,legal procedure
topic-1707,production management,manufacturing process management
topic-3127,productivity,efficiency
topic-7062,professionalisation,skill development
topic-3130,programming,coding
topic-11671,psychiatry and religion,mental health and spirituality
topic-6721,mental disorders,psychological disorders
topic-9961,psycho-oncology,cancer psychology
topic-2097,psychopharmacology,neuropharmacology
topic-2101,psychophysiology,physiological psychology
topic-1711,psycholinguistics,language psychology
topic-1712,psychology,mental science
topic-16563,psychological contract,implicit agreement
topic-2214,psychological marketing,consumer psychology
topic-15742,psychometrics,psychological measurement
topic-1714,psychonomics,cognitive psychology
topic-1715,psychosomatics,mind-body medicine
topic-1716,psychotherapy,talk therapy
topic-17222,public/private distinction,public-private divide
topic-1717,public sector,government sector
topic-11241,disasters,Catastrophes
topic-5635,rawls,John Rawls' theories
topic-12042,law and economics,economic law
topic-1719,law and informatization/computerization,legal informatics
topic-9463,judiciary system,judiciary
topic-2248,legal principles,legal doctrines
topic-1721,philosophy of law,legal philosophy
topic-1722,history of law,legal history
topic-1724,legal persons law,corporate law
topic-1725,sociology of law,legal sociology
topic-2186,rule of law,legal governance
topic-1726,legal theory,jurisprudence
topic-1727,comparative law,legal comparison
topic-1728,judicial construction,legal interpretation
topic-2058,advertising,promotion
topic-1996,advertising and ethics,ethical marketing
topic-2209,psychology of advertising,advertising psychology
topic-4641,recreation,leisure activities
topic-5626,reductionism,simplification
topic-10481,reflection,contemplation
topic-5640,regional governance,regional administration
topic-1729,regional economics,local economics
topic-2150,regional economic development,local economic growth
topic-3602,regional history,local history
topic-12205,regulation of new technologies,technology oversight
topic-7341,relationship between judaism and christianity,Judeo-Christian relations
topic-1730,relations law (*),family law
topic-881,religion,religious tradition
topic-4664,religious fundamentalism,religious extremism
topic-2291,religious leadership,spiritual leadership
topic-1889,religious communication,faith-based communication
topic-2088,religious market,faith marketplace
topic-7684,religious associations,faith-based groups
topic-8822,catholic care and its tradition,Catholic pastoral care
topic-11601,reorganizations,reorganisation
topic-12601,representation,advocacy
topic-1732,rethorics,persuasive speech
topic-2161,convalescence,recovery
topic-10903,rfid,radio-frequency identification
topic-3151,risk models,risk assessment models
topic-12203,risk regulation,risk management
topic-4701,ritual studies,ritual analysis
topic-2190,rituals,ceremonies
topic-2178,mourning,grieving
topic-621,spatial information / geographical information,location data
topic-1736,sacramental theology,sacramentology
topic-12301,collaborative learning,cooperative learning
topic-17102,Collaboration,Cooperation
topic-2293,shame,embarrassment
topic-3156,estimation theory,parameter estimation
topic-4255,creation (stories of the),origin myths
topic-1739,writing methods/processes/techniques,writing strategies
topic-4721,guilt,remorse
topic-1888,guilt and sin,moral culpability
topic-6921,gender,sex
topic-2205,gender differences,gender disparities
topic-2087,sects and new religious movements,alternative religious groups
topic-1743,semantics,meaning analysis
topic-1744,semiotics,sign theory
topic-15462,Service-Oriented Computing,service-based computing
topic-1745,simulation,imitative representation
topic-13621,victims,survivors
topic-4233,social capital,social networks
topic-12482,social network analysis,network analysis
topic-321,social law,welfare law
topic-12861,social classification,social categorization
topic-11841,social cognition,Social understanding
topic-5301,social cohesion,social unity
topic-11642,social dilemmas,collective action problem
topic-1754,social philosophy / social ethics,social ethics
topic-7461,social inequality,social disparity
topic-1758,social politics,welfare politics
topic-13541,social processes,interpersonal process
topic-1759,social psychology,interpersonal psychology
topic-2018,social justice,equitable justice
topic-9281,social exclusion,marginalization
topic-1760,social security,welfare system
topic-5403,social security principles,welfare principles
topic-1762,social security law,welfare law
topic-3970,"social security law, international",global social security law
topic-1765,sociolinguistics,social linguistics
topic-1766,sociology,social science
topic-842,Sociology,social science
topic-1768,sociological theories,social theories
topic-8622,soft law,non-binding guidelines
topic-9441,solidarity,unity
topic-1769,spanish,Castilian
topic-1770,spelling,orthography
topic-1771,game theory,strategic interaction theory
topic-7262,spirituality,spiritual life
topic-3185,speech technology,voice technology
topic-3188,talking computer,speech-enabled computer
topic-1773,municipal law,local government law
topic-10941,urban governance,Municipal governance
topic-12761,urban history,city history
topic-11342,standardisation,Standardization
topic-1774,statistics,data analysis
topic-1775,statistical methods,statistical techniques
topic-4666,urban development,city planning
topic-2182,terminal care,end-of-life care
topic-7281,disorders,conditions
topic-1778,law of criminal procedure/criminal adjective law,criminal procedural law
topic-1780,criminal law,penal law
topic-1992,strategic voting behaviour/patterns,tactical voting
topic-3204,strategic management,strategic planning
topic-1783,strategic decision-making,strategic planning
topic-1757,stratification,social hierarchy
topic-2206,stress,tension
topic-2125,stress management,stress control
topic-2215,study skills,learning techniques
topic-241,supervision,oversight
topic-16663,Supply Chain Management,logistics management
topic-1784,syntax,sentence structure
topic-10641,system dynamics,Systems modeling
topic-1786,systems theory,systems analysis
topic-1788,language,speech
topic-3216,language and computers,computational linguistics
topic-1790,language and artificial intelligence,computational linguistics
topic-1791,language and minorities,minority languages
topic-12341,language evolution,linguistic evolution
topic-1793,philosophy of language,linguistic philosophy
topic-1794,language behaviour,linguistic behavior
topic-3224,linguistic information systems,language processing systems
topic-13321,origin of language,glottogony
topic-1795,language psychology,psycholinguistics
topic-1796,language technology,computational linguistics
topic-17043,language proficiency,language skills
topic-1797,language acquisition,language learning
topic-1799,linguistics,language science
topic-11741,technology and ethics,tech ethics
topic-10461,technology strategy,IT strategy
topic-10921,document design,text design
topic-1803,discourse studies,text analysis
topic-10701,temperament,disposition
topic-11581,terrorism,extremism
topic-17044,Questionnaire design,survey design
topic-2049,testing,assessment
topic-1804,theology,divinity studies
topic-16749,theology,religious studies
topic-1907,Thomas Aquinas,Scholastic philosopher
topic-8981,temporary work,short-term employment
topic-3264,time series,chronological data
topic-5121,applied econometrics,practical econometrics
topic-5803,applied linguistics,practical linguistics
topic-5701,computer applications,software applications
topic-1807,tourism,travel industry
topic-16803,Tourism in protected areas,eco-tourism
topic-2319,tradition and innovation/modernization,heritage and progress
topic-3273,transition economics,transformation economics
topic-1809,transport,conveyance
topic-7141,triad model,three-part model
topic-1811,turkish,Anatolian
topic-1985,turkish migrants,Turkish immigrants
topic-1812,bilingualism and multilingualism,multiple language proficiency
topic-3281,bilingualism,dual language proficiency
topic-3107,outsourcing,Subcontracting
topic-1813,publishing companies,publishing houses
topic-1814,benefits,welfare payments
topic-13581,ostracism,social exclusion
topic-16962,education in skills,skills training
topic-1815,trade unions,labor unions
topic-11386,Vatican II,Second Vatican Council
topic-2521,auctions,bidding
topic-3287,auction theory,Bidding Theory
topic-1816,corporate income tax,company tax
topic-4039,law of obligations,contract law
topic-2339,comparison between traditional and new media,media comparison
topic-3298,ageing,population aging
topic-2309,"the relationship between the individual, the community and the state",social contract
topic-2308,"the relationship between politics, economy and ethics",political-economic ethics
topic-2221,the relation between science and philosophy,science-philosophy interface
topic-2127,fatigue,tiredness
topic-1824,tax on wealth/wealth tax,asset tax
topic-5901,capital structure,financial structure
topic-16884,Resurrection,rebirth
topic-5881,reporting,financial reporting
topic-5123,addiction,dependency
topic-9021,addiction care,substance abuse treatment
topic-7645,mentally handicapped persons,intellectually disabled persons
topic-3623,trust,confidence
topic-5547,replacement models,substitution models
topic-3469,insurance,coverage
topic-2489,actuarial mathematics,Actuarial science
topic-1827,welfare states,social safety nets
topic-5564,victimology,study of victims
topic-14021,Victorian Literature,19th-century British literature
topic-2301,visual perception,sight perception
topic-1,Refugee law,Asylum law
topic-3951,history of international law,international legal history
topic-1829,popular culture,mass culture
topic-1830,inventory management,stock control
topic-5542,inventory systems,stock management
topic-3315,forecasting,prediction
topic-2050,questionnaires,surveys
topic-1833,leisure,free time
topic-1836,leisure studies,recreation studies
topic-7681,voluntary work,volunteer service
topic-3541,concept of truth,nature of truth
topic-1965,perception,sensory awareness
topic-1843,invalidity benefits shortfall/wao shortfall,disability benefits gap
topic-4310,web-based application design,web design
topic-8381,web services,online services
topic-4289,web technology,internet technology
topic-16082,well-being (als in client well-being = subjectieve maat van Quality of Life),quality of life
topic-1844,well-being,welfare
topic-6402,world bank,international financial institution
topic-16382,work-home interaction,work-life balance
topic-2155,pressure of work,workload pressure
topic-13045,teamwork,collaborative work
topic-1846,unemployment,joblessness
topic-3326,verbs,action words
topic-2219,philosophy of science,scientific philosophy
topic-2325,whiplash,neck strain
topic-1850,philosophy,metaphysics
topic-6301,philosophical psychology,theoretical psychology
topic-14902,Wisdom literature,philosophical texts
topic-16805,wilderness,wildlands
topic-1852,mathematics,mathematical sciences
topic-2421,world wide web,the web
topic-16824,right to self-determination,self-governance
topic-9101,self consciousness,self-awareness
topic-10541,self reflection,reflective awareness
topic-15062,self-regulation,self-control
topic-2218,self-learning,autonomous learning
topic-11676,"soul (theological, neuroscientific...)",spirit
topic-2181,interpretation,meaning-making
topic-1900,random violence,senseless violence
topic-3340,automatic parsing,automated parsing
topic-4290,search engine,information retrieval system
topic-7642,care,assistance
topic-13101,health care utilisation,Health Care Usage
topic-16062,Duty of care,obligation of care
topic-11665,theories of care,care models
topic-11521,South African law,South African legal system
topic-15642,asset pricing,asset valuation
topic-15482,pension economics,retirement economics
topic-16484,Sensemaking,meaning-making
topic-17124,Bilingual development,dual language development
topic-17123,Language and education,linguistic education
topic-16825,Statehood,nationhood
topic-16483,Refugees,asylum seekers
