topic,term,ground_truth,method,domain,prediction,candidates,exact_match,fuzzy_similarity,semantic_similarity,top_3_accuracy,top_5_accuracy,top_8_accuracy,top_8_fuzzy_accuracy
topic-12722,recommender system,recommendation engine,same_term_baseline,,recommender system,"[""recommender system""]",False,0.5641025641025641,0.8017131090164185,False,False,False,False
topic-12722,recommender system,recommendation engine,llm_single_prompt_baseline,,Personalization system,"[""Personalization system""]",False,0.4651162790697675,0.4932475686073303,False,False,False,False
topic-12722,recommender system,recommendation engine,mas_langgraph,Information Systems,collaborative filtering algorithm,"[""collaborative filtering algorithm"", ""hybrid recommendation architecture"", ""knowledge graph-based recommender"", ""content-based recommendation framework"", ""personalized information filtering system"", ""information retrieval system"", ""profiler"", ""inference engine for user preferences"", ""user behavior analysis module"", ""classifier"", ""algorithm"", ""system"", ""model"", ""filter"", ""hub"", ""engine""]",False,0.3703703703703704,0.684691309928894,False,False,False,True
topic-2484,stocks,shares,same_term_baseline,,stocks,"[""stocks""]",False,0.33333333333333337,0.6918749809265137,False,False,False,False
topic-2484,stocks,shares,llm_single_prompt_baseline,,Shares,"[""Shares""]",True,1.0,1.0,True,True,True,True
topic-2484,stocks,shares,mas_langgraph,Finance,shares,"[""shares"", ""securities"", ""investments"", ""portfolio"", ""capital"", ""equities"", ""assets""]",True,1.0,1.0,True,True,True,True
topic-4285,equity market,stock market,same_term_baseline,,equity market,"[""equity market""]",False,0.64,0.8036888837814331,False,False,False,False
topic-4285,equity market,stock market,llm_single_prompt_baseline,,Capital market,"[""Capital market""]",False,0.6153846153846154,0.7884631156921387,False,False,False,False
topic-4285,equity market,stock market,mas_langgraph,Finance,financial markets,"[""financial markets"", ""stocks"", ""equity trading platforms"", ""securities"", ""investments"", ""shares"", ""portfolio"", ""market capitalization indices"", ""holdings"", ""equities""]",False,0.5517241379310345,0.810580849647522,False,False,False,False
